Наименование,Цена,Цена без скидки,Ссылка на товар
Люстра Ливсден Brown,2932,17 590,https://www.divan.ru/product/lyustra-livsden-brown
Подвесной светильник Ливсден Brown,665,3990,https://www.divan.ru/product/podvesnoj-svetilnik-livsden-brown
Настольная лампа Ливсден Brown,1265,7590,https://www.divan.ru/product/nastolnaya-lampa-livsden-brown
Бра Флиммер Black,232,1390,https://www.divan.ru/product/bra-flimmer-black
Люстра Флиммер Black,1049,6290,https://www.divan.ru/product/lyustra-flimmer-black
Подвесной светильник Флиммер Black,265,1590,https://www.divan.ru/product/podvesnoj-svetilnik-flimmer-black
Настольная лампа Арбет Orange,399,2390,https://www.divan.ru/product/nastolnaya-lampa-arbet-orange
Настольная лампа Леррет Beige,665,3990,https://www.divan.ru/product/nastolnaya-lampa-lerret-beige
Настольная лампа Леррет White,432,2590,https://www.divan.ru/product/nastolnaya-lampa-lerret-white
Люстра Синдри Black,2332,13 990,https://www.divan.ru/product/lyustra-sindri-black
Настольная лампа Арбет White,399,2390,https://www.divan.ru/product/nastolnaya-lampa-arbet-white
Настольная лампа Истад Black,282,1690,https://www.divan.ru/product/nastolnaya-lampa-istad-black
Настольная лампа Арбет Black,399,2390,https://www.divan.ru/product/nastolnaya-lampa-arbet-black
Торшер Нидлс Khaki,2499,14 990,https://www.divan.ru/product/torsher-nidls-khaki
Настольная лампа Нидлс Raffia Beige,832,4990,https://www.divan.ru/product/nastolnaya-lampa-nidls-raffia-beige
Настольная лампа Манэт White,382,2290,https://www.divan.ru/product/nastolnaya-lampa-manet-white
Люстра Боллар White,3832,22 990,https://www.divan.ru/product/lyustra-bollar-white
Настольная лампа Рибе Black,315,1890,https://www.divan.ru/product/nastolnaya-lampa-ribe-black
Настольная лампа Арбет Silver,565,3390,https://www.divan.ru/product/nastolnaya-lampa-arbet-silver
Настольная лампа Рибе Orange,315,1890,https://www.divan.ru/product/nastolnaya-lampa-ribe-orange
Настольная лампа Спайк Pink,232,1390,https://www.divan.ru/product/nastolnaya-lampa-spajk-pink
Настольная лампа Снибальд White,132,790,https://www.divan.ru/product/nastolnaya-lampa-snibald-white
Настольная лампа Арбет Beige,399,2390,https://www.divan.ru/product/nastolnaya-lampa-arbet-beige
Настольная лампа Спайк White,232,1390,https://www.divan.ru/product/nastolnaya-lampa-spajk-white
Подвесной светильник Клауд White,1665,9990,https://www.divan.ru/product/podvesnoj-svetilnik-klaud-white
Подвесной светильник Сансет Black,999,5990,https://www.divan.ru/product/podvesnoj-svetilnik-sanset-black
Торшер Билли Black,3282,19 690,https://www.divan.ru/product/torsher-billi-black
Настольная лампа Синдри Grey,732,4390,https://www.divan.ru/product/nastolnaya-lampa-sindri-grey
Подвесной светильник Бабл-9,3332,19 990,https://www.divan.ru/product/podvesnoj-svetilnik-babl-9
Торшер Бабл-1,1165,6990,https://www.divan.ru/product/torsher-babl-1
Подвесной светильник Бабл-3,1165,6990,https://www.divan.ru/product/podvesnoj-svetilnik-babl-3
Бра Бабл Black,432,2590,https://www.divan.ru/product/bra-babl-black
Настольная лампа Дэнди Black,665,3990,https://www.divan.ru/product/nastolnaya-lampa-dendi-black
Настольная лампа Алней Black,665,3990,https://www.divan.ru/product/nastolnaya-lampa-alnej-black
Настольная лампа Дэнди White,665,3990,https://www.divan.ru/product/nastolnaya-lampa-dendi-white
Торшер Варио White,1265,7590,https://www.divan.ru/product/torsher-vario-white
Бра Варио Black,182,1090,https://www.divan.ru/product/bra-vario-black
Бра Варио White,182,1090,https://www.divan.ru/product/bra-vario-white
Подвесной светильник Сансет White,999,5990,https://www.divan.ru/product/podvesnoj-svetilnik-sanset-white
Настольная лампа Алней Beige,665,3990,https://www.divan.ru/product/nastolnaya-lampa-alnej-beige
Подвесной светильник Кэндел Black,665,3990,https://www.divan.ru/product/podvesnoj-svetilnik-kendel-black
Подвесной светильник Кэндел White,665,3990,https://www.divan.ru/product/podvesnoj-svetilnik-kendel-white
Настольная лампа Астри Black,232,1390,https://www.divan.ru/product/nastolnaya-lampa-astri-black
Торшер Сканди White,1665,9990,https://www.divan.ru/product/torsher-skandi-white
Настольная лампа Гровер Glass,1082,6490,https://www.divan.ru/product/nastolnaya-lampa-grover-glass
Торшер Рэй White,932,5590,https://www.divan.ru/product/torsher-rej-white
Настольная лампа Астри Beige,232,1390,https://www.divan.ru/product/nastolnaya-lampa-astri-beige
Торшер Мун Black,1499,8990,https://www.divan.ru/product/torsher-mun-black
